{
    "Total run time": 58.80876088142395,
    "Head tilt time": 38.91050362586975,
    "Mouth opening time": 32.88090229034424,
    "Phone detected": true,
    "Multiple people detected": false
}