{
    "Total run time": 41.190446853637695,
    "Head tilt time": 12.789362907409668,
    "Mouth opening time": 10.168266296386719,
    "Phone detected": true,
    "Multiple people detected": false
}